(no author) = (no author) <(no author)>
ChrisLovesChrist@gmail.com = Christopher Reyes <ChrisLovesChrist@gmail.com>
LrsJohnson@gmail.com = Lars Johnson <LrsJohnson@gmail.com>
avnur.aramawsym.attire = Varun Ramaswamy <avnur.aramawsym.attire@gmail.com>
avnur.aramawsym.attire@gmail.com = Varun Ramaswamy <avnur.aramawsym.attire@gmail.com>
ben@benhouge.com = Ben Houge <ben@benhouge.com>
bethmhadley = Beth Hadley <bethmhadley@gmail.com>
christina.tallon@gmail.com = Christina Tallon <christina.tallon@gmail.com>
christopher.ariza = Christopher Ariza <christopher.ariza@gmail.com>
cuthbert = Michael Scott Cuthbert <cuthbert@mit.edu>
cuthbert@gmail.com = Michael Scott Cuthbert <cuthbert@mit.edu>
dmmanesh@gmail.com = Daniel Manesh <dmmanesh@gmail.com>
dylan.nagler@gmail.com = Dylan Nagler <dylan.nagler@gmail.com>
evan.f.lynch@gmail.com = Evan Lynch <evan.f.lynch@gmail.com>
forgetfulfunctor1@gmail.com = Carl Lian <forgetfulfunctor1@gmail.com>
jared.sadoian = Jared Sadoian <jared.sadoian@gmail.com>
jcabalugaz = Jose Cabal-Ugaz <jcabalugaz@gmail.com>
jcabalugaz@gmail.com = José Cabal-Ugaz@gmail.com <jcabalugaz@gmail.com>
jordi.bartolome.guillen@gmail.com = Jordi Bartolomé Guillen <jordi.bartolome.guillen@gmail.com>
josiah.oberholtzer@gmail.com = Josiah Wolf Oberholtzer <josiah.oberholtzer@gmail.com>
lrsjohnson = Lars Johnson <lrsjohnson@gmail.com>
maura.church@gmail.com = Maura Church <maura.church@gmail.com>
nparikh92 = Neena Parikh <nparikh92@gmail.com>
nparikh92@gmail.com = Neena Parikh <nparikh92@gmail.com>
rogotherogue = Jackie Rogoff <rogotherogue@gmail.com>
